search,name,price
40261+3RG,3RG Support moteur,18.48 €
40261+3RG,MAPCO Amortisseur,61.27 €
40261+3RG,sbs Jeu de disques garnis  embrayage,74.32 €
40261+3RG,RIDEX Support moteur,16.58 €
40261+3RG,RIDEX Amortisseur,38.98 €

13700+3RG,WALSER Housse de roues,19.07 €
13700+3RG,Bridgestone T005XL,184.86 €
13700+3RG,RIDEX Alternateur,121.28 €
13700+3RG,CAFFARO Poulie-tendeur  courroie trapézoïdale à nervures,12.65 €
13700+3RG,AUGER Manche  batterie chauffante-chauffage,13.30 €

13703+3RG,SATA Clé à douille,5.49 €
13703+3RG,VICMA Résistance,33.53 €
13703+3RG,Bridgestone Turanza T005,171.24 €
13703+3RG,CAFFARO Poulie-tendeur  courroie trapézoïdale à nervures,11.58 €
13703+3RG,BGA Jeu de joints d'étanchéité  tige de soupape,13.61 €

31260+3RG,3RG Appareil d'appui à balancier  coupelle de suspension,6.45 €
31260+3RG,3RG Soufflet de direction,7.61 €
31260+3RG,ORIGINAL IMPERIUM Soufflet de direction,6.64 €
31260+3RG,A.B.S. Capteur ABS,24.56 €
31260+3RG,NRF Radiateur d'huile,65.38 €

31904+3RG,A.B.S. Capteur ABS,40.02 €
31904+3RG,GATES Courroie d’entraînement CVT,59.49 €
31904+3RG,RIDEX Bras de suspension,65.89 €
31904+3RG,A.B.S. Témoin d'usure de plaquette de frein,3.19 €
31904+3RG,MEYLE Kit de réparation  suspension du stabilisateur,10.02 €

31906+3RG,A.B.S. Capteur ABS,27.26 €
31906+3RG,RIDEX Suspension  bras de liaison,6.40 €
31906+3RG,RIDEX Biellette de barre stabilisatrice,9.34 €
31906+3RG,RIDEX Bras de suspension,58.90 €
31906+3RG,RIDEX Kit de réparation  bras triangulaire,89.60 €

31914+3RG,A.B.S. Capteur ABS,21.59 €
31914+3RG,FEBI BILSTEIN Suspension  bras de liaison,3.27 €
31914+3RG,SWAG Suspension  bras de liaison,3.58 €
31914+3RG,MAXGEAR Suspension  bras de liaison,6.52 €
31914+3RG,MERTZ Suspension  bras de liaison,8.85 €

31915+3RG,A.B.S. Capteur ABS,21.59 €
31915+3RG,MAXGEAR Suspension  bras de liaison,6.52 €
31915+3RG,MERTZ Suspension  bras de liaison,8.85 €
31915+3RG,FEBI BILSTEIN Suspension  stabilisateur,9.84 €
31915+3RG,FEBI BILSTEIN Suspension  bras de liaison,11.65 €

60449+3RG,3RG Suspension  stabilisateur,4.04 €
60449+3RG,MAPCO Filtre à air,10.84 €
60449+3RG,MEAT & DORIA Cartouche turbo,182.54 €
60449+3RG,RIDEX Kit de réparation  suspension du stabilisateur,10.79 €
60449+3RG,Metalcaucho Suspension  stabilisateur,3.61 €

60450+3RG,MAPCO Filtre à air,10.41 €
60450+3RG,KILEN Ressort de suspension,29.69 €
60450+3RG,RIDEX Biellette de barre stabilisatrice,14.53 €
60450+3RG,KAMOKA Filtre à air,11.52 €
60450+3RG,BOSCH Filtre à air,11.82 €

80640+3RG,VOREL Extracteur  Rotule,18.00 €
80640+3RG,AUGER Bague ABS,25.52 €
80640+3RG,MIRAGLIO Poignée de porte,68.48 €
80640+3RG,FA1 Ressort  silencieux,1.37 €
80640+3RG,FAST Suspension  bras de liaison,9.81 €

13204+3RG,POLMO Tuyau d'échappement,38.34 €
13204+3RG,MAPCO Alternateur,148.72 €
13204+3RG,VEMO Original Quality Témoin d'usure de plaquette de frein,3.52 €
13204+3RG,FEBI BILSTEIN Butée élastique  suspension,10.51 €
13204+3RG,CAFFARO Poulie-tendeur  courroie trapézoïdale à nervures,11.58 €

13206+3RG,MAPCO Alternateur,141.81 €
13206+3RG,RIDEX Suspension  bras de liaison,11.36 €
13206+3RG,TOPRAN Butée élastique  suspension,6.79 €
13206+3RG,STARK Suspension  bras de liaison,7.22 €
13206+3RG,FEBI BILSTEIN Butée élastique  suspension,8.33 €

13207+3RG,3RG Galet enrouleur de courroie d'accessoire,15.64 €
13207+3RG,MAPCO Alternateur,169.67 €
13207+3RG,RIDEX Suspension  bras de liaison,4.98 €
13207+3RG,RIDEX Galet enrouleur de courroie d'accessoire,11.48 €
13207+3RG,RIDEX Alternateur,131.78 €

13209+3RG,3RG Poulie renvoi / transmission  courroie de distribution,17.33 €
13209+3RG,POLMO Tuyau d'échappement,23.33 €
13209+3RG,MAPCO Alternateur,131.20 €
13209+3RG,RIDEX Support moteur,19.79 €
13209+3RG,RIDEX Sonde lambda,26.16 €

13222+3RG,MAPCO Alternateur,147.41 €
13222+3RG,RIDEX Alternateur,144.23 €
13222+3RG,AUGER Entretoise,7.19 €
13222+3RG,THERMOTEC Durite de refroidissement,7.43 €
13222+3RG,BERU Fiche  distributeur d'allumage,7.93 €

31921+3RG,A.B.S. Capteur ABS,19.57 €
31921+3RG,RIDEX Témoin d'usure de plaquette de frein,3.96 €
31921+3RG,A.B.S. Témoin d'usure de plaquette de frein,3.96 €
31921+3RG,MASTER-SPORT Suspension  bras de liaison,4.17 €
31921+3RG,MAXGEAR Suspension  bras de liaison,4.22 €

32355+3RG,RIDEX Kit de réparation  bras triangulaire,163.04 €
32355+3RG,NTY Rotule de direction,9.69 €
32355+3RG,MERTZ Rotule de direction,10.18 €
32355+3RG,QUARO Rotule de direction,11.64 €
32355+3RG,MASTER-SPORT Rotule de direction,11.97 €

32356+3RG,TOPRAN Capteur  niveau d'eau de refroidissement,1.71 €
32356+3RG,JP GROUP Capteur  niveau d'eau de refroidissement,2.64 €
32356+3RG,MEYLE Capteur  niveau d'eau de refroidissement,3.80 €
32356+3RG,FEBI BILSTEIN Bride de liquide de refroidissement,7.03 €
32356+3RG,FEBI BILSTEIN Capteur  niveau d'eau de refroidissement,7.54 €

32357+3RG,FEBI BILSTEIN Filtre à huile,6.27 €
32357+3RG,MANN-FILTER Filtre à huile,6.96 €
32357+3RG,BOSCH Filtre à huile,7.90 €
32357+3RG,DAKAtec Rotule de direction,9.13 €
32357+3RG,A.B.S. Rotule de direction,10.33 €

32358+3RG,ORIGINAL IMPERIUM Durite de refroidissement,3.47 €
32358+3RG,MERTZ Rotule de direction,7.81 €
32358+3RG,DAKAtec Rotule de direction,9.86 €
32358+3RG,MASTER-SPORT Rotule de direction,11.73 €
32358+3RG,FAST Rotule de direction,12.71 €

60668+3RG,MAPCO Filtre à air,7.12 €
60668+3RG,MERTZ Suspension  stabilisateur,3.13 €
60668+3RG,JP GROUP Suspension  stabilisateur,3.71 €
60668+3RG,REINHOCH Suspension  stabilisateur,4.09 €
60668+3RG,SASIC Suspension  stabilisateur,4.41 €

60671+3RG,3RG Biellette de barre stabilisatrice,4.95 €
60671+3RG,RIDEX Biellette de barre stabilisatrice,6.32 €
60671+3RG,RIDEX Capteur ABS,35.96 €
60671+3RG,MASTER-SPORT Biellette de barre stabilisatrice,4.40 €
60671+3RG,AUTOMEGA Biellette de barre stabilisatrice,4.48 €

60679+3RG,AUTOMEGA Suspension  stabilisateur,2.15 €
60679+3RG,FEBI BILSTEIN Suspension  stabilisateur,2.16 €
60679+3RG,MASTER-SPORT Coussinet de palier  stabilisateur,2.22 €
60679+3RG,SASIC Suspension  stabilisateur,2.84 €
60679+3RG,A.B.S. Coussinet de palier  stabilisateur,3.76 €

70608+3RG,ORIGINAL IMPERIUM Butée élastique  suspension,9.81 €
70608+3RG,MAPCO Ressort de suspension,51.97 €
70608+3RG,KRAFT Silent bloc d'échappement,1.63 €
70608+3RG,VEGAZ Silent bloc d'échappement,1.64 €
70608+3RG,ORIGINAL IMPERIUM Butée élastique  silencieux,1.68 €

80266+3RG,3RG Bride de liquide de refroidissement,4.11 €
80266+3RG,MIRAGLIO Poignée de porte,26.26 €
80266+3RG,FAE Bobine d'allumage,37.52 €
80266+3RG,VEGAZ Joint d'étanchéité  tuyau d'échappement,2.61 €
80266+3RG,STC Bride de liquide de refroidissement,2.65 €

80635+3RG,3RG Thermostat d'eau,28.11 €
80635+3RG,3RG Coupelle d'amortisseur,12.87 €
80635+3RG,WALKER Écrou  collecteur des gaz d'échappement,0.40 €
80635+3RG,MIRAGLIO Poignée de porte,97.92 €
80635+3RG,AUGER Fusée d'essieu  main de suspension,321.55 €

13102+3RG,MAPCO Alternateur,154.37 €
13102+3RG,RIDEX Poulie-tendeur  courroie trapézoïdale à nervures,15.33 €
13102+3RG,ORIGINAL IMPERIUM Suspension  bras de liaison,9.39 €
13102+3RG,VAICO Suspension  bras de liaison,11.61 €
13102+3RG,MAXGEAR Suspension  bras de liaison,13.12 €

13104+3RG,MAPCO Alternateur,172.19 €
13104+3RG,RIDEX Tendeur de courroie  courroie trapézoïdale à nervures,31.61 €
13104+3RG,ESEN SKV Capteur PMH,11.73 €
13104+3RG,CAFFARO Poulie-tendeur  courroie trapézoïdale à nervures,12.01 €
13104+3RG,FEBI BILSTEIN Suspension  barre Panhard,12.18 €

13224+3RG,WALKER Silencieux arrière,56.77 €
13224+3RG,MAPCO Alternateur,138.43 €
13224+3RG,RIDEX Alternateur,149.79 €
13224+3RG,AUGER Boulon,5.70 €
13224+3RG,A.B.S. Flexible de frein,5.72 €

13237+3RG,Bridgestone Turanza T005,156.68 €
13237+3RG,MAPCO Alternateur,170.31 €
13237+3RG,LPR Flexible de frein,7.29 €
13237+3RG,SAMKO Flexible de frein,7.46 €
13237+3RG,CORTECO Flexible de frein,7.92 €

13404+3RG,SATA Clé à douille,6.08 €
13404+3RG,MAPCO Alternateur,126.67 €
13404+3RG,KAMOKA Bougie d'allumage,4.40 €
13404+3RG,FEBI BILSTEIN Bougie d'allumage,4.75 €
13404+3RG,FEBI BILSTEIN Rotule axiale,13.17 €

13405+3RG,SATA Clé à douille,6.32 €
13405+3RG,MAPCO Alternateur,112.59 €
13405+3RG,METZGER Tuyauterie du réfrigérant,4.80 €
13405+3RG,CAFFARO Poulie-tendeur  courroie trapézoïdale à nervures,11.03 €
13405+3RG,A.B.S. Rotule axiale,12.46 €

13407+3RG,SATA Clé à douille,6.11 €
13407+3RG,KILEN Ressort de suspension,47.41 €
13407+3RG,MAPCO Alternateur,115.10 €
13407+3RG,RIDEX Galet enrouleur de courroie d'accessoire,12.65 €
13407+3RG,RIDEX Radiateur du moteur,95.51 €

13500+3RG,MAPCO Alternateur,87.85 €
13500+3RG,RIDEX Jeu de plaquettes de frein,15.34 €
13500+3RG,DT Spare Parts Joint de câche-culbuteurs,3.65 €
13500+3RG,CAFFARO Poulie-tendeur  courroie trapézoïdale à nervures,11.43 €
13500+3RG,ICER Jeu de plaquettes de frein,15.40 €

13511+3RG,MAPCO Démarreur,83.06 €
13511+3RG,Nexen NFERASU1XL,135.90 €
13511+3RG,BERU Jeu de contacts  distributeur d'allumage,6.57 €
13511+3RG,TYC Verre de rétroviseur  rétroviseur extérieur,6.78 €
13511+3RG,FEBI BILSTEIN Galet enrouleur de courroie d'accessoire,9.64 €

13602+3RG,SATA Clé à douille,3.60 €
13602+3RG,Nexen NFERARU1XL,97.23 €
13602+3RG,MAPCO Alternateur,149.69 €
13602+3RG,RIDEX Alternateur,124.07 €
13602+3RG,CAFFARO Poulie-tendeur  courroie trapézoïdale à nervures,10.20 €

13649+3RG,3RG Poulie roue libre  alternateur,55.16 €
13649+3RG,Bridgestone Turanza T005,167.32 €
13649+3RG,MAPCO Alternateur,199.27 €
13649+3RG,RIDEX Vase d'expansion  liquide de refroidissement,45.90 €
13649+3RG,RIDEX Alternateur,160.43 €

13650+3RG,MAPCO Démarreur,138.23 €
13650+3RG,RIDEX Galet enrouleur de courroie d'accessoire,11.23 €
13650+3RG,RIDEX Vase d'expansion  liquide de refroidissement,29.24 €
13650+3RG,ERA Régulateur d'alternateur,8.40 €
13650+3RG,CAFFARO Poulie-tendeur  courroie trapézoïdale à nervures,11.58 €

13705+3RG,SATA Clé à douille,5.49 €
13705+3RG,RIDEX Alternateur,127.88 €
13705+3RG,AUGER Manche  batterie chauffante-chauffage,7.99 €
13705+3RG,FEBI BILSTEIN Poulie renvoi / transmission  courroie de distribution,10.83 €
13705+3RG,SWAG Poulie renvoi / transmission  courroie de distribution,14.09 €

13708+3RG,FEBI BILSTEIN Écrou  bout d'essieu,2.15 €
13708+3RG,SWAG Écrou  bout d'essieu,4.59 €
13708+3RG,ORIGINAL IMPERIUM Poulie  vilebrequin,11.94 €
13708+3RG,CORTECO Rotule de suspension,14.59 €
13708+3RG,MASTER-SPORT Rotule de suspension,16.69 €

13715+3RG,SONIC Tournevis,11.38 €
13715+3RG,MAPCO Alternateur,150.09 €
13715+3RG,BERU Jeu de contacts  distributeur d'allumage,4.05 €
13715+3RG,KRAFT Suspension  support d'essieu,4.39 €
13715+3RG,QUINTON HAZELL Jeu de contacts  distributeur d'allumage,6.30 €

13718+3RG,VICMA Feu clignotant,34.01 €
13718+3RG,RIDEX Alternateur,90.27 €
13718+3RG,BERU Jeu de contacts  distributeur d'allumage,5.88 €
13718+3RG,QUINTON HAZELL Jeu de contacts  distributeur d'allumage,6.08 €
13718+3RG,FEBI BILSTEIN Courroie Poly-V,9.82 €

13721+3RG,FEBI BILSTEIN Galet tendeur de courroie de distribution,14.97 €
13721+3RG,AUTOMEGA Galet tendeur de courroie de distribution,15.07 €
13721+3RG,TRISCAN Câble de frein à main,18.19 €
13721+3RG,AUGER Durite de refroidissement,19.08 €
13721+3RG,SWAG Galet tendeur de courroie de distribution,19.25 €

13728+3RG,VICMA Feu clignotant,33.76 €
13728+3RG,MAPCO Alternateur,128.92 €
13728+3RG,RIDEX Alternateur,92.63 €
13728+3RG,SASIC Suspension  bras de liaison,4.39 €
13728+3RG,AUTOMEGA Poulie renvoi / transmission  courroie de distribution,12.03 €

13800+3RG,Bridgestone Turanza T005,86.11 €
13800+3RG,MAPCO Alternateur,181.86 €
13800+3RG,MAXGEAR Durite de refroidissement,3.40 €
13800+3RG,MEYLE Durite de refroidissement,3.83 €
13800+3RG,ESEN SKV Durite de refroidissement,3.87 €

13815+3RG,Bridgestone TURANZA T005 XL TL,136.98 €
13815+3RG,MAPCO Alternateur,154.37 €
13815+3RG,RIDEX Alternateur,110.86 €
13815+3RG,FEBI BILSTEIN Boulon de roue,3.54 €
13815+3RG,SCC Fahrzeugtechnik Boulon de roue,3.98 €

13908+3RG,VICMA Filtre à air,22.46 €
13908+3RG,Bridgestone DGT005XL,131.52 €
13908+3RG,HifloFiltro Filtre à air,14.18 €
13908+3RG,IJS GROUP Poulie roue libre  alternateur,30.17 €
13908+3RG,FEBI BILSTEIN Poulie roue libre  alternateur,37.62 €

13911+3RG,3RG Galet tendeur de courroie de distribution,24.71 €
13911+3RG,SATA Poignée encliquetable carrée,22.27 €
13911+3RG,VICMA Filtre à air,25.19 €
13911+3RG,Bridgestone Turanza T005,119.69 €
13911+3RG,RIDEX Jeu de plaquettes de frein,26.80 €

21214LD+3RG,DAKAtec Biellette de barre stabilisatrice,10.37 €
21214LD+3RG,MERTZ Biellette de barre stabilisatrice,10.58 €
21214LD+3RG,FEBI BILSTEIN Biellette de barre stabilisatrice,12.79 €
21214LD+3RG,A.B.S. Biellette de barre stabilisatrice,13.29 €
21214LD+3RG,MASTER-SPORT Biellette de barre stabilisatrice,13.37 €

21231LD+3RG,MERTZ Biellette de barre stabilisatrice,10.58 €
21231LD+3RG,MASTER-SPORT Biellette de barre stabilisatrice,10.70 €
21231LD+3RG,CORTECO Biellette de barre stabilisatrice,12.01 €
21231LD+3RG,FEBI BILSTEIN Biellette de barre stabilisatrice,13.06 €
21231LD+3RG,A.B.S. Biellette de barre stabilisatrice,13.17 €

21605LD+3RG,MASTER-SPORT Biellette de barre stabilisatrice,10.33 €
21605LD+3RG,DAKAtec Biellette de barre stabilisatrice,10.37 €
21605LD+3RG,A.B.S. Biellette de barre stabilisatrice,11.79 €
21605LD+3RG,CORTECO Biellette de barre stabilisatrice,12.82 €
21605LD+3RG,MONROE Biellette de barre stabilisatrice,13.58 €

21749LD+3RG,RIDEX Biellette de barre stabilisatrice,8.84 €
21749LD+3RG,RIDEX Kit de réparation  bras triangulaire,145.87 €
21749LD+3RG,RIDEX PLUS Biellette de barre stabilisatrice,11.36 €
21749LD+3RG,NTY Biellette de barre stabilisatrice,9.69 €
21749LD+3RG,LCC Biellette de barre stabilisatrice,10.17 €

33603+3RG,MAPCO Support moteur,50.09 €
33603+3RG,IBRAS Gaine de suralimentation,69.87 €
33603+3RG,BLUE PRINT Suspension  stabilisateur,5.63 €
33603+3RG,FEBI BILSTEIN Suspension  stabilisateur,6.11 €
33603+3RG,SWAG Suspension  stabilisateur,6.14 €

50201+3RG,ORIGINAL IMPERIUM Kit de protection contre la poussière  amortisseur,10.30 €
50201+3RG,JAPKO Jeu de plaquettes de frein,29.59 €
50201+3RG,Metalcaucho Capteur ABS,30.37 €
50201+3RG,SPIDAN CHASSIS PARTS Biellette de barre stabilisatrice,30.38 €
50201+3RG,BREMI Capteur ABS,31.32 €

50215+3RG,SPIDAN CHASSIS PARTS Biellette de barre stabilisatrice,27.34 €
50215+3RG,KILEN Ressort de suspension,52.01 €
50215+3RG,NRF Radiateur du moteur,170.67 €
50215+3RG,RIDEX Disque de frein,16.03 €
50215+3RG,RIDEX Capteur ABS,24.62 €

50221+3RG,3RG Suspension  bras de liaison,12.99 €
50221+3RG,BREMI Capteur ABS,31.68 €
50221+3RG,JAPKO Jeu de plaquettes de frein,41.20 €
50221+3RG,NRF Radiateur du moteur,92.39 €
50221+3RG,SPIDAN CHASSIS PARTS Bras de suspension,162.94 €

50223+3RG,3RG Suspension  bras de liaison,3.32 €
50223+3RG,ORIGINAL IMPERIUM Kit de protection contre la poussière  amortisseur,16.04 €
50223+3RG,BREMI Capteur ABS,30.43 €
50223+3RG,JAPKO Jeu de plaquettes de frein,42.63 €
50223+3RG,sbs Kit disques garnis  embrayage,78.04 €

50242+3RG,3RG Suspension  bras de liaison,4.35 €
50242+3RG,AIC Suspension  boîte automatique,9.19 €
50242+3RG,SPIDAN CHASSIS PARTS Rotule de suspension,31.10 €
50242+3RG,BREMI Capteur ABS,35.67 €
50242+3RG,NRF Radiateur du moteur,70.51 €

50407+3RG,3RG Butée élastique  suspension,6.31 €
50407+3RG,ORIGINAL IMPERIUM Kit de protection contre la poussière  amortisseur,16.39 €
50407+3RG,SPIDAN CHASSIS PARTS Rotule de direction,39.49 €
50407+3RG,JAPKO Jeu de plaquettes de frein,47.36 €
50407+3RG,Metalcaucho Crémaillère de direction,152.24 €

50654+3RG,AIC Pompe d'eau de nettoyage  nettoyage des vitres,14.18 €
50654+3RG,SPIDAN CHASSIS PARTS Rotule axiale,21.41 €
50654+3RG,RIDEX Capteur ABS,33.44 €
50654+3RG,RIDEX Étrier de frein,100.66 €
50654+3RG,RIDEX PLUS Capteur ABS,41.74 €

50665+3RG,AIC Pompe d'eau de nettoyage  nettoyage des vitres,12.26 €
50665+3RG,SPIDAN CHASSIS PARTS Rotule axiale,23.85 €
50665+3RG,RIDEX Capteur ABS,6.44 €
50665+3RG,SASIC Support  suspension du moteur,6.17 €
50665+3RG,BUGIAD Capteur ABS,6.50 €

50709+3RG,AIC Avertisseur sonore,11.32 €
50709+3RG,BREMI Capteur ABS,19.78 €
50709+3RG,SPIDAN CHASSIS PARTS Rotule de suspension,27.04 €
50709+3RG,JAPKO Jeu de plaquettes de frein,47.47 €
50709+3RG,RIDEX Capteur ABS,21.35 €

50711+3RG,3RG Plaque d'arrêt  rotule de suspension,2.56 €
50711+3RG,AIC Avertisseur sonore,12.48 €
50711+3RG,BREMI Capteur ABS,30.54 €
50711+3RG,SPIDAN CHASSIS PARTS Rotule axiale,33.93 €
50711+3RG,WALSER Ensemble de tapis de sol,86.69 €

50717+3RG,AIC Tête de delco,7.22 €
50717+3RG,ORIGINAL IMPERIUM Kit de protection contre la poussière  amortisseur,16.02 €
50717+3RG,SPIDAN CHASSIS PARTS Biellette de barre stabilisatrice,20.22 €
50717+3RG,3M Hookit  255P Kit de disques de ponçage, ponceuse excentrique,23.10 €
50717+3RG,WALSER Ensemble de tapis de sol,70.65 €

80912+3RG,FEBI BILSTEIN Collier tendeur  aile,3.83 €
80912+3RG,METZGER Flexible de frein,11.08 €
80912+3RG,A.B.S. Flexible de frein,11.70 €
80912+3RG,TRW Flexible de frein,12.37 €
80912+3RG,BLUE PRINT Flexible de frein,12.38 €

81722+3RG,3RG Thermostat d'eau,12.15 €
81722+3RG,AUGER Coussinet de palier  ressort à lames,11.67 €
81722+3RG,BUGIAD Gaine de suralimentation,12.45 €
81722+3RG,DINEX Silencieux arrière,173.17 €
81722+3RG,Dr!ve+ Thermostat d'eau,5.80 €

95600+3RG,DAKAtec Capteur PMH,7.79 €
95600+3RG,TOPRAN Capteur PMH,13.74 €
95600+3RG,VEMO EXPERT KITS + Kit de montage  kit de câbles,16.24 €
95600+3RG,FEBI BILSTEIN Capteur PMH,19.69 €
95600+3RG,FEBI BILSTEIN Kit de réparation de câble  capteur d'arbre à cames,20.67 €

10702+3RG,METZGER Câble de frein à main,15.74 €
10702+3RG,WALKER Tuyau d'échappement,75.82 €
10702+3RG,RIDEX Câble de frein à main,14.23 €
10702+3RG,RIDEX Kit d'embrayage,124.91 €
10702+3RG,AUGER Chaîne  étrier de frein,5.35 €

10708+3RG,RIDEX Rotule de direction,8.35 €
10708+3RG,KRAFT Rotule de direction,3.53 €
10708+3RG,FEBI BILSTEIN Patin de ressort,4.20 €
10708+3RG,SWAG Patin de ressort,4.32 €
10708+3RG,Magnum Technology Patin de ressort,4.42 €

10730+3RG,RIDEX Flector de transmission,60.41 €
10730+3RG,A.B.S. Câble de frein à main,10.13 €
10730+3RG,MAXGEAR Support moteur,12.61 €
10730+3RG,ORIGINAL IMPERIUM Support moteur,13.38 €
10730+3RG,METZGER Câble de frein à main,16.44 €

10907+3RG,ROMIX Clip  enjoliveur,0.71 €
10907+3RG,Bridgestone T005XL,126.22 €
10907+3RG,RIDEX Pompe à eau,22.88 €
10907+3RG,RIDEX Coupelle d'amortisseur,25.17 €
10907+3RG,AUGER Rondelle d'écartement  main de supension,4.40 €

13313+3RG,SATA Clé à douille,4.95 €
13313+3RG,MAPCO Alternateur,231.15 €
13313+3RG,RIDEX Carter d'huile,156.01 €
13313+3RG,SASIC Support  suspension du moteur,6.86 €
13313+3RG,NTY Gaine de suralimentation,20.14 €

13707+3RG,RIDEX Soupape  dégazage du carter,13.54 €
13707+3RG,RIDEX Alternateur,107.83 €
13707+3RG,METZGER Durite de refroidissement,5.65 €
13707+3RG,STARK Soupape  dégazage du carter,8.10 €
13707+3RG,ABAKUS Soupape  dégazage du carter,10.04 €

31780+3RG,A.B.S. Capteur ABS,19.38 €
31780+3RG,NRF Radiateur d'huile,64.54 €
31780+3RG,RIDEX Capteur ABS,19.38 €
31780+3RG,MASTER-SPORT Jeu de plaquettes de frein,15.08 €
31780+3RG,MAXGEAR Vérin de coffre,18.16 €

32623+3RG,NRF Compresseur  climatisation,230.18 €
32623+3RG,DAKAtec Rotule de direction,9.87 €
32623+3RG,BGA Bague d'étanchéité  vilebrequin,10.92 €
32623+3RG,MERTZ Rotule de direction,11.72 €
32623+3RG,CORTECO Rotule de direction,15.22 €

